seed,hit,time_to_intercept,initial_sep,closing_vel_avg,min_sep,final_zem,target_speed
89250,1,7.20,115.16,19.04,0.94,0.00,5.24
773956,1,7.45,183.24,24.42,1.18,0.29,11.01
654571,1,4.10,90.06,21.16,1.34,0.07,9.84
438878,1,8.55,98.94,17.52,0.83,0.02,7.91
433015,1,6.45,148.53,23.00,1.18,0.77,7.44
858597,1,6.10,154.81,26.31,1.17,0.01,10.13
85945,1,7.80,88.80,13.10,0.84,0.03,5.59
697368,1,8.40,154.51,21.61,0.35,0.46,10.82
201469,1,5.70,126.11,23.97,0.23,0.28,8.94
94177,1,8.95,162.39,20.64,0.96,0.66,11.13
526478,1,9.00,109.48,15.61,1.21,0.09,6.77
975622,1,7.55,160.65,22.84,1.04,0.26,6.71
735752,1,7.45,121.84,18.06,1.13,1.03,11.61
761139,1,6.90,107.36,18.13,0.71,0.12,10.77
717477,1,7.15,139.14,19.08,1.10,0.01,9.52
786064,1,2.80,83.23,28.33,1.43,0.01,8.30
513226,1,4.65,97.83,23.59,1.12,0.02,9.16
128113,1,9.60,164.95,20.02,1.23,0.36,7.51
839748,1,8.30,147.55,20.72,1.11,0.36,10.04
450385,1,6.50,178.39,27.03,1.25,0.18,7.70
500351,1,3.50,83.82,23.37,0.65,0.02,8.22
370798,1,4.30,126.38,28.87,0.99,0.03,11.90
182549,1,10.45,196.73,18.59,0.29,0.34,6.66
926764,1,3.25,82.14,24.95,0.38,0.23,11.26
781567,1,6.25,99.78,20.82,0.90,0.28,9.80
643865,1,1.95,51.75,25.61,0.50,0.14,7.14
402414,1,5.00,104.72,21.32,1.20,0.16,9.57
822761,1,6.05,74.89,13.12,0.41,0.02,9.39
545429,1,12.75,169.84,18.03,0.89,0.10,7.89
443414,1,2.60,50.37,18.56,0.88,0.15,6.25
450459,1,6.40,149.34,22.89,1.31,0.25,8.56
227238,1,3.40,81.86,23.62,1.30,1.10,5.95
92135,1,5.55,78.52,13.98,0.90,0.15,6.66
554584,1,8.80,75.44,10.97,1.01,0.16,6.10
887889,1,8.30,91.18,12.54,1.14,0.08,11.92
63817,1,8.05,134.75,18.30,0.81,1.05,9.19
858291,1,7.10,93.32,13.93,1.38,0.01,9.65
827631,1,2.65,69.73,27.51,1.02,0.34,8.42
276759,1,4.00,74.58,17.89,1.44,0.19,8.32
631664,1,8.65,148.85,17.81,0.88,0.13,6.99
165229,1,3.60,61.42,20.56,0.91,0.05,10.94
758087,1,8.60,188.05,21.61,0.32,0.24,5.57
700522,1,7.60,144.07,18.94,1.22,0.07,11.54
354525,1,7.20,174.67,23.83,1.20,0.33,8.40
67920,1,7.65,116.47,18.39,1.32,0.66,5.39
970698,1,5.25,142.58,27.69,0.84,0.47,9.44
445687,1,3.00,73.39,26.74,1.38,0.91,11.37
893121,1,7.55,115.05,21.26,1.30,0.08,9.67
677919,1,4.70,125.33,26.06,0.84,0.03,7.05
778383,1,7.25,135.53,18.33,0.95,0.09,7.81
759899,1,7.55,171.49,23.70,1.25,0.00,6.24
194638,1,6.95,104.60,17.01,1.01,0.04,8.73
363906,1,9.70,159.15,17.46,0.86,0.46,7.93
466721,1,6.50,55.72,16.13,0.99,0.09,9.61
497791,1,5.70,108.96,22.51,0.88,0.13,6.81
43803,1,5.10,96.71,18.37,1.09,0.01,10.69
546569,1,4.85,104.49,21.99,0.68,0.02,9.77
154289,1,5.40,117.95,21.60,1.21,0.56,11.22
743375,1,7.45,90.99,15.99,1.36,0.43,8.84
683048,1,3.20,57.20,17.20,0.66,0.27,9.51
922527,1,5.60,95.16,19.16,0.93,0.72,6.72
744762,1,7.50,130.07,18.96,1.23,0.43,8.23
366642,1,2.95,79.91,26.00,0.80,0.01,11.34
967509,1,7.35,163.65,25.90,1.08,0.11,5.03
410850,1,4.25,93.41,21.82,1.48,0.00,10.95
325825,1,5.70,122.26,21.27,1.12,0.06,9.32
905535,1,9.05,105.52,13.86,0.76,0.73,8.86
370459,1,5.90,107.82,22.82,1.34,0.01,7.09
76343,1,5.00,86.81,19.28,0.94,0.05,11.98
469555,1,3.75,83.50,21.77,0.96,0.52,6.50
795679,1,4.60,55.70,15.98,1.20,0.46,9.83
189471,1,7.80,140.54,19.17,0.94,0.54,7.89
462940,1,6.00,88.43,16.37,0.96,0.07,5.70
129921,1,6.85,137.69,23.31,0.57,0.25,11.03
686478,1,6.95,83.24,15.04,1.29,1.19,8.27
475704,1,5.05,84.48,16.23,1.47,0.53,9.50
330196,1,6.00,107.91,19.55,1.12,0.05,5.22
226909,1,6.85,164.79,23.75,0.89,0.24,6.04
564499,1,3.10,95.56,30.12,0.23,0.03,5.83
669813,1,3.75,113.24,29.53,1.24,0.50,9.80
940306,1,3.25,61.68,20.27,1.31,0.02,5.50
437151,1,2.60,79.75,29.98,0.93,0.22,9.22
160688,1,15.90,129.59,13.36,1.11,0.50,6.77
832678,1,7.85,152.70,19.71,0.88,0.03,5.82
629764,1,4.55,77.34,18.07,1.18,0.14,8.85
700265,1,5.55,71.62,18.84,1.22,0.15,8.23
97226,1,6.25,118.21,19.91,0.99,0.03,9.44
312366,1,4.75,124.32,28.37,1.33,0.35,6.93
767843,1,7.20,171.06,25.81,0.99,0.01,8.08
832259,1,4.70,50.25,17.17,0.39,0.41,5.47
435216,1,4.70,69.40,17.21,0.97,0.04,8.96
804764,1,10.00,127.63,15.30,1.45,0.10,10.77
841691,1,7.10,111.43,19.05,0.80,0.13,6.53
387478,1,3.10,72.08,22.45,0.57,0.18,10.73
898087,1,4.65,136.24,29.04,1.25,0.01,8.07
288328,1,5.25,117.20,24.46,1.17,0.05,5.11
239557,1,4.60,139.20,29.85,1.39,0.15,5.34
682495,1,6.80,193.31,29.71,1.47,0.26,10.85
636761,1,5.20,130.75,24.52,1.21,0.04,7.46
139752,1,5.10,96.55,18.37,1.30,0.00,6.44
832736,1,10.95,170.76,17.44,0.79,0.09,6.66
199908,1,4.85,130.40,29.66,0.71,0.24,6.78
804899,1,6.35,90.76,19.86,0.50,0.68,10.76
7362,1,6.20,146.48,23.25,0.92,0.13,6.77
796842,1,3.65,79.63,21.56,0.93,0.00,5.81
786924,1,7.45,164.90,25.56,1.19,1.18,9.98
780364,1,14.85,85.21,12.14,1.35,0.75,11.55
664850,1,2.80,73.55,25.87,1.14,0.05,9.45
471567,1,4.25,129.49,29.97,0.63,0.02,11.62
705165,1,5.05,130.86,27.91,0.80,0.02,11.78
277121,1,4.45,130.23,28.62,1.50,0.52,10.00
780729,1,3.40,66.88,18.80,1.16,0.50,7.53
555646,1,5.15,57.62,13.56,1.35,0.60,6.53
458915,1,5.90,150.56,25.21,0.83,0.12,9.35
505606,1,4.65,71.38,17.78,1.39,1.51,9.29
568741,1,8.55,176.16,25.45,1.01,0.36,9.13
37262,1,8.00,95.54,13.04,0.96,0.00,11.46
139796,1,5.45,106.11,23.65,0.85,0.40,8.85
245481,1,2.10,65.76,30.03,0.48,0.04,6.76
114530,1,3.55,117.58,32.77,1.25,0.00,11.16
439613,1,6.55,87.83,16.22,1.11,0.01,9.23
668402,1,4.70,86.82,18.22,0.87,0.01,5.52
654428,1,4.70,141.96,32.13,1.12,0.01,10.79
471096,1,6.45,77.24,14.51,1.47,0.20,8.75
855080,1,4.45,99.02,22.48,0.61,0.03,5.75
565236,1,9.40,167.30,17.76,0.45,0.42,6.05
79197,1,4.20,109.45,25.32,1.40,0.10,5.22
764998,1,7.65,104.00,15.10,1.12,0.02,10.65
574600,1,9.25,174.47,19.52,0.26,0.03,5.02
634718,1,4.35,118.04,26.36,1.36,0.02,7.54
565373,1,3.55,98.01,26.72,1.28,0.01,7.24
553579,1,8.40,150.42,19.33,1.18,0.40,5.17
90566,1,8.80,104.26,15.72,0.87,0.49,8.53
559207,1,4.60,106.70,22.89,0.83,0.49,10.03
794912,1,2.10,62.68,28.41,1.04,0.02,7.07
303950,1,2.45,53.48,20.95,0.90,0.63,8.08
602838,1,6.25,54.19,10.42,0.97,0.04,7.52
30817,1,8.60,113.46,16.44,0.65,0.35,11.99
347499,1,2.45,67.36,26.62,1.37,0.27,8.29
436717,1,4.15,111.65,26.66,0.74,0.22,6.13
982738,1,4.20,137.33,32.00,0.99,0.10,10.97
214584,1,7.15,92.47,12.92,0.69,0.48,11.79
276548,1,2.90,94.91,33.05,0.93,0.06,7.22
408528,1,3.05,78.54,25.27,0.60,0.01,5.31
992665,1,5.60,70.64,12.58,1.37,0.25,8.92
853403,1,8.85,169.46,20.04,0.86,0.09,9.07
34692,1,8.60,131.65,17.82,1.25,0.07,8.86
233939,1,6.25,171.57,28.04,0.32,0.06,11.64
821674,1,7.45,146.22,19.21,1.12,0.52,9.66
58302,1,5.70,71.81,14.05,1.20,0.33,10.98
855670,1,4.25,100.64,24.70,0.98,0.02,11.06
281383,1,5.75,90.04,17.95,0.48,0.10,5.94
917652,1,7.50,87.09,15.69,0.51,0.41,5.35
293593,1,10.10,132.94,16.17,1.36,0.27,8.01
434316,1,6.90,65.05,11.46,1.37,0.13,6.86
661916,1,6.35,117.46,19.06,1.26,0.06,6.27
126280,1,9.85,164.84,19.90,0.98,0.11,9.93
557032,1,3.65,92.92,25.21,0.98,0.04,7.11
505015,1,5.00,95.81,18.45,1.14,0.66,9.22
783898,1,4.10,85.90,20.60,0.61,0.01,5.44
996106,1,4.95,130.66,26.00,1.08,0.37,8.36
664313,1,4.50,83.15,19.64,1.38,0.70,6.07
409186,1,7.50,128.28,20.57,1.10,0.33,9.84
406386,1,4.45,66.14,14.62,0.97,0.00,9.72
417958,1,9.45,196.78,21.69,0.83,0.04,8.71
814020,1,6.05,126.63,23.52,0.83,0.36,6.52
321215,1,4.50,114.67,25.00,1.07,0.05,11.82
166972,1,5.45,79.57,14.02,1.05,0.07,11.34
334291,1,2.40,65.21,26.45,0.92,0.07,8.55
22712,1,7.20,180.30,25.18,1.46,0.44,5.92
106142,1,7.25,148.25,22.21,0.94,0.02,5.37
90047,1,4.05,115.89,28.08,0.40,0.12,9.22
771552,1,5.75,99.24,21.13,1.25,0.10,9.90
722359,1,6.25,188.68,29.83,0.93,0.39,9.19
696770,1,8.40,141.93,17.29,0.28,0.44,7.50
461877,1,7.90,172.38,23.77,0.95,0.05,9.94
717058,1,4.25,62.55,15.27,0.39,0.29,5.11
161271,1,10.00,81.78,10.37,1.45,0.50,11.58
900621,1,10.25,71.43,9.14,0.96,0.11,10.90
501044,1,12.30,184.54,16.68,0.81,0.50,11.21
938051,1,11.50,181.33,20.15,0.85,0.38,5.84
152312,1,6.25,106.02,22.37,1.43,0.00,5.84
497330,1,7.25,132.61,19.85,0.95,0.07,7.06
696320,1,5.10,163.60,31.79,1.04,0.02,9.61
495625,1,7.20,145.75,22.82,1.15,0.00,10.80
446156,1,7.60,165.45,21.58,0.59,0.04,11.61
166214,1,5.85,151.61,25.73,1.16,0.01,5.37
381021,1,7.30,116.05,15.42,1.46,0.14,6.32
238766,1,9.15,99.89,17.41,1.13,0.38,7.75
301512,1,7.65,143.05,19.03,0.85,0.04,11.08
683700,1,3.90,80.99,20.50,0.95,0.01,11.71
630282,1,8.85,108.57,18.76,0.71,0.11,9.72
607196,1,4.90,111.67,24.46,1.29,0.01,10.22
361812,1,4.90,63.13,12.88,0.41,0.17,5.46
959692,1,7.95,92.28,12.23,0.81,0.09,11.45
87649,1,3.55,88.86,24.23,1.00,0.01,5.22
342590,1,4.95,88.57,22.92,1.21,0.05,10.23
118005,1,3.60,90.15,25.27,0.67,0.00,9.03
338943,1,8.50,123.12,15.57,0.56,0.30,5.43
961897,1,4.05,68.81,18.89,0.71,0.54,7.68
366263,1,3.30,75.89,22.32,0.57,0.23,5.07
908580,1,2.85,75.36,25.35,1.41,0.34,10.38
495065,1,7.00,171.95,25.37,0.75,0.07,8.61
699707,1,7.40,159.40,25.64,1.11,0.03,7.51
457417,1,12.35,145.30,15.89,0.15,0.03,7.64
265869,1,3.50,90.49,25.42,1.19,0.16,10.68
764229,1,3.35,106.90,30.99,0.83,0.02,9.21
969176,1,8.40,96.98,15.12,0.76,0.08,8.85
263524,1,7.80,137.20,19.58,1.34,0.40,7.47
778750,1,6.55,165.24,24.91,0.54,0.15,5.93
261140,1,6.75,155.12,26.07,0.95,0.11,8.85
716890,1,3.50,94.98,26.33,0.84,0.00,10.63
789006,1,7.80,118.05,19.74,1.01,0.22,9.46
449361,1,3.10,82.84,25.68,1.22,0.08,5.07
736919,1,7.35,102.46,14.36,1.23,0.06,9.28
272241,1,6.60,77.38,15.05,0.93,0.52,7.29
79253,1,6.15,53.00,12.78,1.37,0.30,9.68
96390,1,7.30,64.54,10.62,1.12,1.17,11.33
447023,1,7.05,182.92,27.46,1.48,0.20,11.06
902602,1,4.15,73.05,19.10,0.50,0.45,11.27
127576,1,17.35,167.34,15.84,1.25,0.43,6.28
455776,1,6.90,116.37,19.43,0.99,0.16,6.57
704032,1,5.25,86.64,16.08,0.87,0.03,6.60
202363,1,6.70,186.70,27.62,0.86,0.00,11.78
721616,1,6.75,78.20,14.30,0.91,4.42,6.54
305956,1,8.35,170.22,23.65,0.85,0.19,7.77
808660,1,4.60,71.62,14.91,1.07,0.15,5.76
579219,1,5.25,130.90,24.63,0.83,0.22,6.75
546907,1,7.55,75.54,11.24,1.46,0.44,11.58
176772,1,4.65,54.95,14.84,1.19,0.05,9.19
463205,1,4.20,117.87,27.28,1.12,0.01,11.62
856614,1,4.60,91.30,22.56,0.89,0.11,7.42
19523,1,2.25,62.73,26.88,0.37,0.08,6.86
758519,1,5.75,135.43,23.23,0.59,0.01,6.93
492762,1,8.20,96.41,17.70,1.04,0.11,11.94
719462,1,9.30,171.18,19.02,1.19,0.10,11.51
663298,1,5.70,78.99,16.26,0.19,0.61,8.82
432093,1,11.10,73.89,8.65,1.44,0.08,5.29
308667,1,2.85,87.45,30.31,0.77,0.08,10.83
627308,1,8.75,90.73,22.33,1.14,0.04,10.46
140224,1,2.15,78.68,34.95,1.46,0.40,8.20
584097,1,6.85,192.70,27.83,0.90,0.67,5.97
94694,1,11.40,187.06,21.17,0.86,0.19,6.98
649846,1,8.40,137.39,17.23,0.92,0.26,6.27
628745,1,5.35,100.07,18.27,0.90,0.03,6.38
84444,1,6.20,101.91,18.55,0.99,0.36,10.47
757487,1,6.30,149.95,23.76,1.47,0.18,5.09
415807,1,8.70,55.40,12.20,0.90,0.66,5.83
786886,1,9.80,158.04,19.69,0.66,0.04,8.37
41614,1,5.05,127.21,24.79,1.40,1.28,11.35
179456,1,3.40,89.72,26.15,1.43,0.01,9.81
493990,1,1.95,73.12,35.72,1.26,0.02,6.61
188225,1,6.95,113.12,17.89,1.49,0.31,7.82
329861,1,8.75,167.19,20.05,0.59,0.68,8.64
660599,1,3.35,106.09,31.07,1.24,0.56,11.65
144524,1,4.10,58.81,18.48,0.91,0.06,7.79
677702,1,5.95,79.31,14.46,0.64,0.03,6.01
103402,1,6.05,127.15,20.64,0.92,0.04,8.27
175185,1,5.85,114.74,20.49,0.57,0.38,8.71
587644,1,1.75,62.20,34.93,0.91,0.22,5.30
793483,1,7.05,131.72,19.17,1.01,0.26,10.21
170592,1,6.70,117.68,18.63,0.91,0.03,5.47
299992,1,10.85,189.94,19.63,0.50,0.76,7.68
925120,1,7.50,195.50,26.09,0.24,0.06,6.09
989683,1,4.45,56.07,23.23,1.36,1.12,11.30
581061,1,6.30,97.58,15.07,1.01,0.07,5.49
447038,1,6.50,112.54,19.12,0.36,0.10,8.99
346869,1,12.35,166.29,14.24,0.93,1.05,6.78
612451,1,6.50,110.27,18.43,0.99,0.04,9.05
590915,1,2.60,70.87,30.49,1.25,0.01,9.96
294753,1,3.95,75.54,18.78,0.34,0.45,7.81
22803,1,8.95,115.76,16.95,1.12,0.02,7.91
151498,1,5.40,92.08,19.14,1.13,0.35,5.25
958559,1,5.35,164.72,30.28,1.28,0.08,10.03
418154,1,4.25,104.00,24.15,0.86,0.12,8.58
482303,1,5.80,81.12,15.33,1.00,0.06,10.56
467107,1,3.85,100.05,25.56,0.38,0.22,9.91
782735,1,4.15,79.89,22.09,0.79,0.08,7.27
64956,1,12.50,188.97,19.16,1.39,0.13,7.89
82729,1,8.00,123.34,16.17,0.74,0.18,6.68
275847,1,9.90,197.19,21.51,0.99,1.44,5.95
486658,1,2.80,86.60,30.39,0.37,0.27,10.93
671124,1,5.00,85.51,19.23,1.36,0.09,11.90
490706,1,8.60,194.08,23.60,1.32,0.15,8.26
441168,1,3.70,91.57,24.00,1.00,0.05,5.51
937826,1,5.85,138.83,25.17,1.42,0.01,5.29
161018,1,3.05,100.56,32.60,0.96,0.16,5.05
571728,1,4.85,145.58,29.43,0.67,0.22,10.58
542244,1,5.70,88.59,17.43,0.09,0.02,5.77
473489,1,10.10,109.32,15.20,0.70,0.01,9.29
807597,1,10.50,192.62,20.53,0.94,0.08,7.17
266975,1,8.35,151.12,21.34,1.16,0.03,6.14
953772,1,6.90,72.97,16.61,0.60,0.36,6.49
331568,1,3.15,58.23,21.96,1.28,0.06,11.02
545004,1,9.00,177.12,19.65,1.32,0.18,8.18
520672,1,7.15,188.65,28.50,0.79,0.16,6.26
849777,1,7.45,151.13,22.34,1.46,0.04,10.31
438911,1,6.55,74.44,11.20,0.84,0.66,9.69
284558,1,6.45,134.50,22.31,0.46,0.57,11.46
21612,1,6.85,58.96,12.54,1.04,0.14,10.98
363678,1,6.85,172.27,24.81,0.70,0.29,7.22
826291,1,3.65,83.83,22.38,0.85,0.12,7.60
9916,1,8.60,55.72,14.20,0.93,0.09,9.90
896160,1,3.85,116.86,29.75,0.98,0.47,8.62
542827,1,7.85,159.60,22.56,0.74,0.01,7.68
140249,1,4.95,131.55,26.10,0.51,0.12,5.06
302179,1,2.10,57.60,26.58,0.87,0.05,8.72
554036,1,5.95,161.53,27.02,1.40,0.00,7.65
315692,1,3.45,98.07,27.48,1.21,0.11,11.49
108575,1,8.95,150.35,17.82,0.62,0.22,8.33
665988,1,4.95,69.34,20.52,1.09,0.10,11.66
672240,1,7.80,127.15,16.14,0.98,0.09,6.48
118874,1,4.35,94.05,25.69,1.35,0.13,9.78
281233,1,7.45,106.78,15.81,1.31,0.59,11.35
243873,1,8.10,137.07,18.77,1.05,0.01,5.29
659422,1,6.25,136.48,21.88,1.25,0.01,10.43
730295,1,3.45,106.74,30.63,0.95,0.09,5.32
726994,1,9.45,146.85,16.68,0.38,0.04,10.06
938761,1,5.75,113.11,19.27,0.53,0.03,11.22
768647,1,7.50,147.94,19.66,1.10,0.11,7.39
320679,1,7.30,66.47,11.34,0.93,0.07,6.64
107740,1,6.90,151.51,24.23,0.92,0.30,8.91
614642,1,5.30,91.75,17.62,1.43,0.31,7.98
916011,1,9.45,127.56,17.03,1.47,0.19,5.90
975155,1,8.35,148.90,19.66,1.46,0.45,6.43
230213,1,7.50,153.05,20.10,0.30,0.40,11.33
236455,1,7.25,170.73,24.32,1.17,0.10,10.95
37412,1,3.65,56.48,18.00,0.87,0.46,10.18
141262,1,3.25,59.01,20.18,1.23,0.00,11.44
554852,1,7.20,196.46,28.98,0.80,0.17,9.78
546803,1,5.20,106.76,21.25,0.51,0.26,11.23
370922,1,5.75,153.41,26.12,1.33,0.02,8.77
309955,1,5.50,87.19,18.13,0.94,0.16,7.25
829789,1,5.20,139.16,26.42,0.78,0.24,10.85
460033,1,6.75,102.78,17.53,0.44,0.01,11.55
808251,1,3.65,71.28,20.24,1.03,0.05,9.68
963211,1,9.20,135.16,15.46,0.93,0.11,5.07
317138,1,4.05,90.80,24.26,1.46,0.89,9.64
202738,1,4.70,117.20,25.71,0.38,0.09,5.12
952899,1,6.40,79.79,13.54,0.99,0.88,11.55
634831,1,8.05,169.98,22.79,0.62,0.08,11.45
290917,1,3.35,111.29,32.93,1.44,0.00,8.60
621859,1,4.10,57.42,16.44,0.89,0.24,7.32
515057,1,6.50,174.78,26.56,1.21,0.56,6.94
905532,1,9.30,139.60,19.89,1.07,0.44,5.49
255965,1,6.75,140.63,24.09,0.87,0.24,7.31
991382,1,4.00,102.02,24.71,1.48,0.18,7.13
936043,1,5.20,135.48,25.68,1.20,0.50,11.40
180701,1,4.60,77.18,16.17,1.06,0.40,9.23
164607,1,5.85,165.28,27.70,0.93,0.04,9.61
533156,1,6.20,141.93,22.79,1.15,0.38,7.68
44910,1,8.70,149.11,19.18,1.01,0.33,6.74
298797,1,8.35,134.54,18.47,1.21,0.02,8.53
435097,1,7.60,184.78,24.09,0.86,0.06,6.37
969373,1,7.55,116.29,18.01,0.91,0.54,10.34
992375,1,10.55,105.92,11.64,1.26,0.12,10.11
151539,1,7.60,109.32,14.81,1.16,0.07,11.50
891677,1,4.80,117.35,28.87,0.64,0.30,5.68
90928,1,6.00,141.41,25.59,1.32,0.05,9.62
748608,1,5.25,114.42,22.99,1.23,0.15,10.96
845642,1,3.40,97.28,27.70,1.20,0.14,11.76
890792,1,5.45,166.29,29.78,1.44,0.12,7.90
223417,1,7.15,143.03,19.59,1.25,0.26,6.95
893446,1,6.15,64.44,17.51,0.96,0.13,6.70
115980,1,4.85,151.62,30.88,1.03,0.17,9.66
518858,1,6.45,90.86,16.45,1.17,0.32,11.54
469545,1,7.60,149.28,19.41,0.91,0.00,8.23
315929,1,5.10,60.60,12.58,1.41,0.18,9.22
22114,1,8.00,150.41,19.31,0.80,0.12,9.14
772012,1,5.00,113.65,22.58,0.96,0.05,6.66
335583,1,4.00,89.77,21.75,1.32,0.49,5.05
661661,1,5.30,65.67,12.28,1.45,0.52,7.22
410219,1,5.35,120.77,22.02,1.39,0.23,5.01
373657,1,7.65,115.48,18.37,0.91,0.06,5.93
886295,1,2.70,84.42,30.46,0.29,0.01,7.07
94466,1,10.30,148.92,21.81,0.60,0.49,11.50
736617,1,7.55,128.44,16.61,0.96,0.42,8.80
746789,1,2.50,81.11,31.27,1.49,0.14,10.38
379991,1,7.45,175.14,23.90,0.52,0.16,10.97
262460,1,4.05,123.18,30.11,0.50,0.18,11.98
5307,1,6.30,101.71,15.64,1.49,0.20,11.30
936813,1,7.55,191.15,26.38,1.27,0.27,9.67
947731,1,5.45,136.16,24.56,0.72,0.11,8.82
240970,1,4.60,82.23,21.50,1.04,0.73,8.08
31911,1,2.00,58.35,27.87,0.46,0.28,10.09
122757,1,4.75,131.43,30.32,0.63,0.09,10.37
67642,1,5.70,108.30,18.67,1.18,0.25,7.94
831112,1,6.00,81.34,14.58,1.42,0.06,5.45
891911,1,2.70,61.09,22.89,0.56,0.53,8.42
153284,1,3.90,112.06,28.22,0.53,0.02,6.15
746739,1,5.75,126.18,27.74,0.72,0.09,10.58
179268,1,4.85,112.67,22.82,0.72,0.18,7.26
367208,1,10.60,96.72,16.93,1.37,0.03,11.17
599382,1,6.65,93.90,19.88,0.65,0.24,10.26
719926,1,4.20,89.59,20.76,0.98,0.01,10.03
874562,1,3.80,106.25,27.44,0.99,0.20,6.06
44784,1,3.55,81.14,23.61,1.17,0.01,5.46
196434,1,5.35,75.43,17.44,1.34,0.55,8.01
280508,1,7.25,106.58,17.23,0.59,0.57,8.55
310323,1,6.70,183.40,28.86,1.43,0.00,11.70
998027,1,4.20,70.44,20.26,0.88,0.17,5.89
777404,1,4.85,155.10,31.64,0.88,0.08,9.02
320417,1,4.90,59.91,13.69,1.35,0.00,8.31
971826,1,3.10,79.45,24.94,0.87,0.07,5.27
499306,1,3.80,91.84,23.44,0.98,0.04,5.98
500741,1,6.95,119.68,19.55,1.12,0.80,8.20
433698,1,5.35,136.23,26.06,0.95,0.47,8.73
143897,1,4.85,95.61,22.81,1.33,0.03,8.65
934372,1,14.15,89.89,14.99,0.46,0.52,5.28
13936,1,3.50,116.23,32.32,1.47,0.02,11.95
174278,1,8.95,126.61,15.02,1.16,0.14,6.03
229656,1,5.05,88.94,21.28,1.15,0.08,11.07
279297,1,6.05,99.02,18.30,0.94,0.00,7.89
131822,1,4.45,51.00,14.22,0.84,0.41,10.04
17961,1,5.45,121.95,25.00,0.79,0.07,6.71
677658,1,6.75,137.46,20.03,0.62,0.75,5.98
969309,1,6.60,67.88,11.81,1.03,0.57,8.14
121832,1,6.60,90.07,15.57,1.10,0.14,6.11
296535,1,1.75,64.92,36.64,1.50,0.00,5.87
506329,1,9.50,171.98,17.88,1.34,0.13,7.15
927502,1,2.75,96.05,34.12,1.36,0.67,11.29
694262,1,9.50,163.75,18.53,0.52,0.12,11.89
766188,1,5.20,110.82,20.77,0.50,0.02,10.77
581116,1,6.05,116.05,18.52,1.26,0.17,8.76
417035,1,5.60,155.20,27.17,1.26,0.47,11.95
199775,1,3.70,52.65,14.28,1.02,0.00,6.57
864314,1,3.70,91.39,24.31,0.79,0.11,8.45
804124,1,5.15,86.67,16.35,0.56,0.02,7.04
25101,1,3.85,101.79,26.08,0.99,0.01,6.53
715407,1,3.80,116.86,30.42,1.36,0.00,11.31
84388,1,6.70,177.87,26.14,0.64,0.04,5.96
738984,1,2.45,81.40,32.81,0.66,0.21,8.84
825953,1,5.75,88.20,16.70,0.83,0.01,10.18
131057,1,6.50,103.15,16.87,1.00,0.17,5.88
433835,1,6.70,139.66,22.08,0.94,0.03,9.13
123753,1,2.85,91.99,31.89,0.92,0.10,5.39
567282,1,3.65,85.25,22.69,0.76,0.00,9.50
927562,1,2.50,73.50,28.27,1.31,0.03,8.39
80869,1,6.90,156.93,22.39,0.83,0.00,5.03
397578,1,6.45,99.71,19.01,1.29,0.01,11.63
973120,1,3.10,108.12,34.00,1.44,0.65,10.12
300948,1,6.75,122.32,18.86,0.23,0.34,8.33
132216,1,6.80,81.15,13.02,1.04,0.89,6.01
488584,1,7.80,151.78,24.84,0.84,0.16,11.98
508372,1,3.50,77.27,21.77,0.84,0.07,5.41
662864,1,4.70,81.53,17.31,0.89,3.86,6.65
313737,1,4.55,60.31,14.62,0.82,0.09,9.02
955623,1,7.70,98.05,13.05,1.08,0.06,10.76
521022,1,4.15,123.76,29.28,1.06,0.02,11.58
286446,1,2.90,97.12,32.65,1.26,0.19,11.85
960284,1,5.90,95.08,16.84,1.13,0.78,7.67
924808,1,7.05,131.64,18.49,0.70,0.39,5.25
499164,1,7.95,180.57,22.43,1.15,0.55,9.16
24859,1,6.70,131.00,20.18,0.75,0.28,11.07
596936,1,8.05,129.18,18.89,0.62,0.43,8.87
555198,1,4.60,57.76,13.55,1.24,0.13,7.14
148208,1,9.10,92.56,16.18,1.19,0.04,5.16
633975,1,5.30,120.43,22.44,1.24,0.01,11.04
840793,1,11.00,52.05,9.37,1.16,0.40,5.12
105897,1,10.40,174.70,20.49,1.19,0.75,6.06
723322,1,5.95,128.87,21.42,0.72,0.18,8.64
140339,1,10.65,123.96,15.18,1.34,0.26,9.58
748826,1,5.85,187.71,31.64,0.95,0.01,9.99
419114,1,4.25,105.56,28.75,0.79,0.01,8.43
6511,1,8.30,187.87,24.87,1.44,0.17,5.90
966231,1,2.10,55.09,25.88,1.50,0.16,6.75
165970,1,10.50,138.05,21.92,0.95,0.12,10.60
596042,1,5.05,153.41,30.05,1.20,0.10,11.05
181468,1,5.45,110.91,19.77,1.21,0.06,11.75
933023,1,3.15,79.97,24.70,1.12,0.08,7.97
738325,1,4.10,133.82,31.98,1.25,0.05,11.66
804360,1,3.00,61.97,20.20,0.64,0.24,6.36
432079,1,6.40,65.03,13.57,1.29,0.56,6.23
467381,1,11.00,74.20,9.52,1.23,1.24,6.99
634301,1,6.05,74.87,15.51,0.80,0.16,6.10
784763,1,4.60,75.90,18.14,1.12,0.02,7.50
846979,1,5.30,124.13,22.75,1.43,0.02,5.67
17836,1,11.00,182.44,18.80,1.22,0.25,7.61
663561,1,4.90,135.01,26.84,1.41,0.26,10.90
109143,1,6.65,57.40,19.00,0.51,0.32,11.27
287931,1,9.70,190.89,26.09,1.14,0.47,9.17
829428,1,4.10,113.25,28.29,0.79,0.02,7.48
250513,1,3.65,84.07,23.22,1.14,0.09,5.82
796817,1,3.85,82.47,20.46,1.28,0.18,10.96
463007,1,7.25,138.00,21.56,1.27,0.39,9.96
232640,1,6.80,121.49,19.79,0.90,0.11,8.43
334244,1,5.75,81.94,17.82,0.87,0.45,8.31
530769,1,3.40,109.29,31.55,0.86,0.08,8.54
765147,1,9.45,190.30,22.73,1.39,0.17,11.73
606015,1,4.90,84.40,18.12,0.71,0.43,8.39
933223,1,5.40,64.12,13.81,1.31,0.85,7.16
867738,1,6.70,126.07,19.99,1.15,0.02,11.73
753353,1,5.55,145.81,25.63,1.23,0.36,7.24
603107,1,9.45,98.23,15.70,0.66,0.16,7.86
289855,1,7.00,99.81,14.09,1.23,0.94,7.98
412571,1,4.85,107.11,21.73,1.04,0.04,10.48
118894,1,3.00,84.45,27.32,1.05,0.05,10.41
374184,1,5.65,115.61,21.73,0.29,0.15,8.90
926472,1,6.75,154.57,24.75,0.72,0.12,9.56
425882,1,3.55,54.15,14.96,0.49,0.25,5.90
113728,1,5.55,141.86,26.16,1.32,0.14,8.02
651931,1,5.70,107.48,22.80,0.89,0.09,7.45
962614,1,3.90,54.60,16.44,1.47,0.01,10.19
867490,1,4.95,115.47,27.43,0.43,0.22,5.27
274076,1,5.15,50.94,12.79,0.88,0.48,11.71
453896,1,7.25,103.33,14.86,1.13,0.08,11.17
531016,1,7.40,143.10,24.15,1.10,0.13,11.69
247839,1,4.15,68.48,17.98,0.35,0.12,9.34
268691,1,2.50,80.18,30.72,1.19,0.02,7.93
236662,1,6.55,120.97,21.50,0.74,0.72,9.28
994581,1,5.35,60.41,13.28,1.36,0.67,7.95
746014,1,3.95,128.44,31.71,1.13,0.30,6.58
840856,1,7.50,166.58,26.33,0.91,0.60,9.16
816568,1,7.60,193.35,24.97,1.22,0.03,8.40
959143,1,3.95,77.90,27.16,1.20,0.01,7.66
105278,1,7.70,156.94,21.45,0.85,0.01,5.71
881632,1,4.65,73.54,16.65,0.75,0.04,9.16
66558,1,11.50,73.83,12.86,1.13,0.26,9.19
475421,1,4.20,55.60,18.18,1.30,0.47,6.69
594433,1,9.10,146.64,18.03,0.69,0.39,6.08
357861,1,5.20,137.99,26.04,1.14,0.75,11.14
146173,1,5.65,132.45,26.45,1.06,0.05,8.98
192301,1,8.70,157.09,20.00,1.32,0.04,11.77
824664,1,4.00,110.46,27.31,1.06,0.04,5.19
318723,1,4.60,80.67,18.90,0.29,0.17,7.06
310334,1,4.05,70.29,19.90,0.61,0.28,11.44
923361,1,2.85,64.73,22.03,0.31,0.19,5.49
143871,1,3.80,78.61,20.36,0.07,0.05,9.73
915266,1,4.90,97.32,24.43,0.95,0.26,9.98
920970,1,7.50,76.84,15.90,0.43,0.57,10.62
598559,1,4.35,86.80,21.45,0.52,0.05,9.82
165531,1,4.20,80.43,23.12,0.41,0.40,9.07
155860,1,2.55,54.97,23.76,0.87,0.09,6.17
284720,1,7.90,158.90,21.65,1.49,0.55,9.79
577415,1,9.80,113.77,15.26,1.19,0.02,6.68
153613,1,5.50,113.16,23.77,1.26,0.04,11.28
455657,1,3.25,82.22,24.88,0.98,0.01,5.12
115490,1,7.70,124.96,21.33,1.32,0.38,5.29
540284,1,4.60,59.11,12.72,1.28,0.10,5.08
21148,1,4.25,69.02,15.53,1.10,0.04,9.13
709036,1,9.45,169.55,18.09,1.49,0.64,5.79
55395,1,8.40,134.21,18.69,0.97,0.05,9.13
194821,1,5.05,79.80,15.23,1.31,0.05,8.15
174641,1,1.65,53.89,31.33,0.14,0.02,6.34
830994,1,8.60,145.66,19.01,0.72,0.49,11.84
53381,1,5.00,68.25,13.86,0.53,0.44,6.83
429259,1,3.10,95.00,30.05,0.79,0.10,10.73
591143,1,12.20,121.74,14.24,0.91,0.38,8.31
515995,1,7.40,168.56,24.25,0.94,0.24,7.38
680714,1,5.70,157.67,27.34,0.92,0.08,9.32
803101,1,11.40,149.79,18.03,0.77,0.53,7.25
393630,1,5.65,167.35,29.07,1.07,0.03,11.55
828217,1,9.90,183.82,21.64,1.12,0.03,5.00
317991,1,6.65,159.76,23.81,1.23,0.51,5.40
984422,1,2.35,86.16,35.63,0.35,0.01,10.05
504526,1,6.85,136.96,19.65,1.18,0.45,11.74
736013,1,9.75,124.11,15.55,1.14,0.30,6.99
875004,1,8.10,168.17,22.17,1.38,1.15,5.20
792651,1,6.45,161.66,24.80,0.59,0.16,5.22
851131,1,4.95,78.95,19.14,0.87,0.01,9.62
536513,1,5.20,119.30,23.40,1.48,0.01,6.71
43475,1,6.50,136.29,21.40,0.88,0.11,6.91
493083,1,3.20,103.93,31.66,1.40,0.32,6.79
181498,1,4.40,143.99,31.96,1.39,0.18,10.14
889116,1,9.20,189.13,20.84,1.18,0.03,9.78
236744,1,1.25,51.44,40.27,0.81,0.08,8.98
228069,1,6.00,97.57,19.73,1.38,0.03,11.93
249387,1,5.45,133.47,24.46,1.09,0.00,8.37
642566,1,2.70,66.52,23.50,1.21,0.05,7.23
571232,1,7.75,153.54,20.80,0.58,0.30,5.24
948840,1,5.80,95.50,18.25,1.13,0.69,6.60
416262,1,5.60,123.67,21.51,1.17,0.01,7.01
282278,1,7.50,118.89,22.44,1.24,0.55,10.46
49254,1,4.05,138.26,33.81,0.93,0.08,8.83
7075,1,7.50,133.64,17.46,0.96,0.00,8.46
373614,1,5.40,132.50,23.90,1.24,0.02,10.02
925817,1,4.85,135.17,28.38,0.85,0.00,11.28
523752,1,7.60,134.95,18.33,1.29,0.60,6.75
893547,1,5.55,111.49,19.60,1.30,0.04,8.45
101671,1,3.95,111.79,28.02,1.27,0.01,6.09
93321,1,6.75,89.68,13.88,0.89,0.03,7.44
833458,1,3.35,119.20,34.51,1.26,0.02,11.65
106742,1,5.30,65.68,17.50,0.41,0.34,11.04
51961,1,7.15,132.70,19.82,1.36,0.09,7.46
404092,1,7.95,154.68,20.37,1.33,0.39,6.55
924841,1,3.75,91.87,23.45,1.43,0.28,9.96
689383,1,6.25,160.79,26.94,0.52,0.01,7.61
99113,1,7.95,101.42,14.79,1.08,0.04,9.75
837131,1,3.75,92.19,23.73,1.16,0.03,7.34
843574,1,5.15,102.53,22.80,0.97,0.05,7.90
800696,1,8.05,163.13,21.73,1.10,0.35,11.92
902653,1,4.95,61.25,13.87,0.92,0.11,9.55
239878,1,9.80,172.93,20.26,1.03,0.07,8.40
979570,1,7.05,191.78,26.70,1.49,0.01,5.58
320696,1,2.50,55.96,21.39,1.04,0.31,5.28
802025,1,5.75,94.49,15.98,0.79,0.60,8.43
579364,1,5.00,118.31,24.87,0.41,0.33,11.04
779477,1,3.55,65.85,21.57,1.06,0.29,8.44
627819,1,7.55,150.92,22.88,1.25,1.49,10.36
642483,1,4.55,78.29,18.67,1.00,0.10,5.95
616284,1,3.10,57.66,17.65,1.23,0.04,8.01
778996,1,8.60,164.79,18.99,1.28,0.08,6.30
739042,1,4.95,89.51,17.59,0.93,0.32,9.30
134552,1,5.50,157.97,28.42,0.78,0.08,6.06
826054,1,8.40,193.96,23.75,0.82,0.29,10.19
536068,1,3.10,77.32,24.49,0.41,0.01,7.29
323083,1,4.20,117.54,27.48,0.67,0.08,9.45
514222,1,3.70,114.89,30.54,0.51,0.03,7.38
966983,1,7.25,150.60,22.02,1.34,0.04,7.68
857572,1,4.45,133.25,29.30,0.92,0.01,9.62
833698,1,7.10,171.71,25.47,0.80,0.08,7.37
462799,1,3.05,64.81,23.87,0.61,0.01,9.23
784137,1,6.70,161.93,25.06,1.27,0.01,11.19
385089,1,4.25,70.65,19.67,1.30,0.22,10.07
686165,1,8.90,193.71,24.20,1.27,0.15,5.22
639563,1,2.00,57.00,26.94,1.25,0.04,6.16
249798,1,7.25,127.95,19.69,0.92,0.02,9.53
266463,1,3.75,127.82,33.43,0.32,0.04,9.16
61133,1,2.45,67.88,27.29,1.11,0.22,9.09
139768,1,4.60,82.04,17.58,0.74,0.39,6.97
433618,1,5.90,114.55,23.87,0.87,0.15,9.06
477877,1,4.15,112.97,26.96,0.69,0.13,8.59
165120,1,3.40,106.89,30.93,1.02,0.10,8.07
416889,1,6.30,142.05,25.27,1.45,0.03,11.48
604177,1,8.10,167.56,22.70,1.20,0.08,6.19
232569,1,7.00,119.34,20.83,1.01,0.01,11.54
338236,1,8.40,125.31,17.54,0.83,0.03,9.44
367511,1,6.50,196.67,29.78,0.62,0.16,11.48
505053,1,7.80,131.30,24.04,0.98,0.02,10.55
366392,1,12.15,144.92,17.34,1.42,1.08,9.00
736944,1,6.85,117.44,18.09,1.36,1.73,9.50
327495,1,5.65,130.56,22.74,0.61,0.00,5.84
433896,1,6.15,136.34,21.60,1.08,0.01,9.11
379464,1,7.95,131.12,18.32,1.08,0.81,8.32
182915,1,3.90,131.08,33.24,1.16,0.21,10.51
685743,1,5.70,183.45,31.96,0.83,0.05,8.01
235446,1,9.50,131.64,16.75,0.58,0.73,9.07
296876,1,6.40,114.53,18.38,1.25,0.19,10.36
792751,1,6.00,168.31,27.61,0.84,0.08,6.29
948857,1,5.40,155.48,29.34,1.03,0.00,10.51
670843,1,9.55,183.56,20.64,1.26,0.54,11.43
916348,1,7.10,120.55,18.81,0.61,0.17,5.45
854190,1,3.35,74.34,23.75,0.59,0.16,11.37
480910,1,9.55,119.08,18.06,1.03,0.06,11.05
770290,1,4.20,101.10,24.37,1.32,0.00,10.11
328361,1,4.10,102.97,24.75,0.81,0.00,7.24
460497,1,4.05,120.85,29.48,1.07,0.03,8.97
535434,1,7.30,132.14,19.06,1.21,0.15,10.39
960493,1,5.25,129.20,26.80,0.89,0.91,11.08
848560,1,8.90,165.42,21.93,0.62,0.29,6.83
489252,1,3.70,111.56,34.44,0.40,0.01,10.85
652587,1,5.05,87.70,17.20,0.48,0.02,7.44
202356,1,7.60,123.91,18.50,1.23,0.70,9.80
804391,1,4.25,91.53,21.83,0.96,0.03,9.98
553037,1,5.65,101.16,18.01,0.72,0.01,7.87
532722,1,4.20,79.68,21.00,0.84,0.02,10.68
766283,1,2.15,64.72,29.65,0.38,0.21,7.69
632917,1,6.75,63.13,14.02,1.19,0.63,10.51
72467,1,6.40,74.10,15.49,0.41,0.36,11.60
288155,1,4.30,63.98,16.49,0.80,0.08,5.28
176718,1,5.00,53.94,12.79,1.07,0.61,7.71
734893,1,3.20,57.46,17.37,0.23,0.40,10.50
35147,1,5.40,136.78,24.82,0.76,0.31,6.66
202404,1,10.55,121.13,14.40,1.34,0.02,6.91
597445,1,8.95,172.86,22.49,1.46,0.83,9.63
694798,1,6.00,143.82,24.01,1.47,0.57,7.67
503304,1,4.05,129.22,31.36,0.59,0.17,8.94
860719,1,4.55,124.99,27.22,1.27,0.03,6.49
918940,1,5.15,135.00,25.98,1.11,0.05,8.51
132102,1,5.70,92.30,16.71,1.36,0.09,8.34
952511,1,8.75,79.05,15.10,1.20,0.56,9.14
614379,1,4.70,84.42,29.05,0.46,0.36,9.25
636219,1,5.95,127.90,22.27,1.31,0.01,5.59
95095,1,2.70,102.34,36.73,0.73,0.01,9.90
621871,1,8.35,159.13,19.42,1.39,0.06,8.07
725715,1,4.10,67.08,17.01,1.32,0.11,8.45
580791,1,8.70,90.20,13.15,0.73,0.43,8.71
84493,1,3.55,56.47,17.45,0.95,0.14,7.35
523227,1,7.35,74.07,12.60,1.07,0.02,7.84
935939,1,7.75,183.09,23.39,0.96,0.01,5.62
723416,1,5.15,88.63,22.38,1.24,0.03,7.13
137407,1,8.30,137.34,18.33,1.42,0.04,9.64
959938,1,6.95,110.22,19.16,0.92,0.25,5.58
958880,1,7.20,67.26,12.19,0.48,0.47,7.32
169395,1,8.15,180.19,23.36,0.74,0.10,9.04
800884,1,4.90,112.78,23.00,0.77,0.02,8.54
406717,1,3.95,79.87,21.86,1.12,0.01,7.67
593682,1,5.55,121.43,24.89,1.38,0.16,8.48
445186,1,7.25,173.43,25.62,1.14,0.04,6.29
782624,1,8.60,174.35,22.70,1.28,0.17,5.32
996659,1,4.75,121.77,24.94,1.34,0.09,8.09
795114,1,9.25,143.90,19.44,1.04,0.09,10.93
931371,1,8.05,166.01,21.95,1.47,0.09,5.66
946027,1,7.00,155.83,23.64,0.96,0.06,5.79
90105,1,6.35,54.55,10.42,0.71,0.41,6.35
253383,1,9.95,134.65,21.42,1.38,0.34,11.42
721856,1,6.10,104.43,23.09,1.41,0.16,10.94
590075,1,10.40,125.29,13.37,0.82,0.48,9.95
50146,1,5.15,145.49,27.96,1.30,0.27,6.90
95049,1,6.30,106.64,16.76,0.97,0.25,10.98
520547,1,8.05,56.88,12.44,0.86,0.12,6.10
616165,1,6.45,126.97,19.59,1.32,0.00,10.79
167719,1,3.35,89.06,25.46,1.35,0.20,9.77
171291,1,8.40,63.87,12.65,1.24,0.21,7.29
129340,1,5.10,164.11,31.67,1.30,0.14,9.78
564950,1,2.55,55.92,28.39,0.81,0.00,6.37
7853,1,6.20,98.61,20.18,0.69,0.23,8.77
572430,1,4.55,67.25,17.22,0.80,0.93,6.42
475928,1,6.25,133.20,20.90,1.18,0.08,10.03
465985,1,6.55,166.15,25.33,0.68,0.10,8.05
679276,1,4.35,110.71,24.73,1.31,0.35,5.70
522631,1,5.80,142.96,26.02,1.12,0.42,6.61
727748,1,5.15,79.87,18.04,1.15,0.06,7.93
763923,1,11.85,199.23,22.77,0.79,0.19,6.59
920117,1,3.20,53.85,16.22,0.89,0.01,11.97
799244,1,5.95,85.88,16.54,1.11,0.02,7.31
517706,1,6.20,135.74,23.70,1.00,0.00,7.34
492153,1,1.90,74.06,37.87,0.49,0.10,11.69
235708,1,6.70,165.77,24.25,1.12,0.16,8.21
599593,1,10.60,148.66,18.89,0.75,0.63,11.03
139135,1,2.85,85.57,29.14,0.86,0.08,9.53
931236,1,4.70,148.60,31.32,1.07,0.19,8.12
845044,1,4.85,79.15,21.89,1.31,0.13,11.78
119733,1,12.00,143.70,14.92,1.22,0.07,11.87
785955,1,5.15,147.17,28.28,1.09,0.03,8.40
117103,1,4.40,65.55,17.24,0.61,0.16,5.69
721225,1,9.25,167.49,20.49,0.94,0.75,5.22
87709,1,4.25,115.15,26.62,0.84,0.00,5.49
488193,1,8.50,131.21,17.09,0.45,0.72,5.04
657863,1,5.80,111.37,19.67,0.89,0.01,6.77
728810,1,2.35,69.60,29.04,1.17,0.16,10.90
418608,1,6.75,168.08,26.17,1.32,0.39,8.43
921623,1,3.15,88.52,27.35,0.89,0.34,11.23
774321,1,9.45,170.73,19.97,0.87,0.35,6.96
208264,1,1.30,53.76,40.50,1.11,0.00,8.70
671231,1,6.95,183.39,25.98,0.54,0.05,9.45
730534,1,4.85,100.60,22.43,1.17,0.02,8.70
333637,1,4.30,59.61,14.76,1.17,0.05,5.23
738231,1,6.55,116.51,20.67,0.97,0.10,10.69
898366,1,10.30,183.45,19.15,1.17,0.02,10.58
817114,1,3.65,101.00,26.96,0.88,0.01,5.76
762532,1,6.50,85.72,14.91,0.70,0.48,11.31
634497,1,4.35,117.07,26.78,1.08,0.22,11.57
270534,1,6.05,94.58,15.46,0.85,0.38,5.32
795222,1,5.80,127.44,21.78,0.99,0.00,7.13
364192,1,3.70,110.92,29.64,0.85,0.17,11.65
532196,1,6.85,98.52,15.92,0.67,0.26,8.32
314439,1,5.50,108.22,21.49,0.95,0.29,10.30
313017,1,5.35,61.25,13.91,1.06,0.02,7.84
157611,1,11.95,158.98,16.75,1.18,0.63,8.66
961297,1,4.90,140.16,27.89,1.26,0.07,9.94
147783,1,7.20,184.16,25.29,0.50,0.02,5.25
86258,1,5.20,123.59,24.46,0.70,0.03,7.43
936127,1,6.20,90.82,14.28,1.08,0.07,7.40
555013,1,3.50,104.29,29.28,0.80,0.00,8.15
437904,1,4.55,122.53,30.59,0.85,0.03,6.42
737491,1,5.25,58.15,10.91,0.84,0.56,6.35
383319,1,6.05,71.34,12.71,0.79,0.50,6.22
127921,1,3.15,91.53,28.28,0.39,0.20,7.58
729685,1,2.50,59.16,27.16,0.90,0.00,9.17
175999,1,3.35,61.70,17.34,0.60,0.55,9.06
552993,1,5.55,78.56,18.41,0.79,0.41,7.17
949066,1,3.05,102.09,32.89,0.85,0.19,7.27
936139,1,4.70,100.92,21.13,0.76,0.03,9.17
360782,1,5.50,68.84,12.86,0.98,0.01,10.46
780301,1,4.95,119.30,23.79,1.28,0.88,9.08
612675,1,9.40,141.67,16.06,0.89,0.18,9.86
479369,1,5.25,90.58,18.78,0.64,0.05,9.29
139928,1,1.90,72.82,37.71,0.70,0.12,11.25
376359,1,5.80,124.50,20.96,0.97,0.04,10.04
651918,1,5.25,69.84,16.66,0.61,0.19,9.27
986631,1,6.00,134.50,25.33,0.63,0.29,8.52
4890,1,2.60,95.14,35.31,1.20,0.29,8.79
717760,1,6.15,110.83,22.39,0.78,0.01,11.20
846336,1,5.40,84.45,16.20,1.03,0.22,7.49
951194,1,9.70,102.82,15.72,0.98,0.47,9.47
423803,1,5.45,94.51,18.77,1.06,0.43,5.48
118478,1,9.70,54.88,14.41,0.63,0.17,9.44
270967,1,2.60,89.82,33.59,0.55,0.27,10.62
850533,1,3.70,80.22,23.24,1.09,0.90,10.36
877934,1,6.75,134.35,22.16,0.50,0.49,10.21
637073,1,6.05,138.93,23.60,0.24,0.27,8.26
122740,1,4.95,142.72,28.36,0.80,0.05,5.41
121921,1,5.95,75.15,18.17,1.43,0.15,8.73
478172,1,9.00,146.63,19.10,1.09,0.14,8.34
588257,1,8.55,158.13,19.03,0.89,0.22,5.29
32378,1,6.75,154.79,26.08,0.67,0.28,11.96
686096,1,4.35,94.76,21.79,0.48,0.28,9.68
544510,1,5.75,100.56,17.55,1.38,0.24,6.49
12302,1,6.10,117.66,22.00,0.42,0.01,10.84
95677,1,4.35,101.62,23.15,1.36,0.05,9.17
454317,1,6.05,137.59,22.27,0.38,0.26,8.02
722585,1,7.85,163.76,22.43,1.30,0.04,7.86
825399,1,8.00,141.81,19.38,1.07,0.18,5.62
431301,1,3.55,100.37,27.65,0.65,0.01,11.41
295359,1,6.40,180.72,27.84,0.74,0.06,6.37
968310,1,6.70,194.45,28.65,0.33,0.16,7.16
458548,1,6.60,98.38,17.13,0.77,0.42,6.86
315389,1,6.65,86.63,16.25,0.66,0.53,6.51
442314,1,5.10,121.98,23.29,1.14,0.18,6.14
12091,1,4.10,101.63,24.58,1.23,0.01,10.27
301927,1,4.25,100.79,23.41,1.36,0.02,8.19
515554,1,2.25,67.00,28.93,0.78,0.10,6.76
918441,1,7.35,139.00,20.33,1.09,0.05,7.60
738226,1,5.65,103.79,18.60,0.83,0.04,10.85
781294,1,3.45,61.97,18.25,0.97,0.56,11.17
544901,1,2.15,62.35,28.30,0.98,0.01,11.77
110588,1,3.80,75.00,19.43,1.25,0.01,11.10
390926,1,5.15,55.23,12.55,1.07,0.75,9.96
997034,1,6.45,63.42,11.99,1.26,0.08,9.40
44171,1,5.65,74.01,20.89,0.88,0.12,7.12
879200,1,8.45,171.84,21.23,0.92,0.16,8.77
684495,1,5.10,89.60,18.78,1.19,0.05,5.10
283908,1,5.45,110.09,22.70,0.62,0.02,10.59
777988,1,8.10,131.89,16.21,0.64,0.23,6.61
836896,1,2.65,65.54,34.16,0.50,0.21,7.20
43219,1,7.25,106.18,15.97,1.45,0.66,11.96
106419,1,7.40,159.07,22.94,0.80,0.08,8.67
665749,1,2.30,84.04,35.71,1.23,0.31,9.08
999104,1,6.70,164.32,25.21,0.67,0.05,11.82
23966,1,3.90,78.70,19.68,0.80,0.20,6.46
665684,1,6.50,125.07,23.36,0.80,0.05,9.52
136524,1,6.25,128.83,23.47,0.79,0.18,10.39
650125,1,6.60,162.28,24.22,1.10,0.09,10.35
623314,1,6.75,99.95,14.93,1.07,0.08,11.01
90440,1,6.20,86.35,16.29,0.91,0.01,8.43
680728,1,11.95,174.12,17.95,0.99,0.80,6.42
897033,1,9.50,136.37,16.79,1.33,0.06,10.54
863443,1,5.30,50.18,15.86,1.01,0.96,6.05
28999,1,8.30,122.72,17.83,1.22,0.13,5.53
245916,1,6.85,151.24,21.96,1.05,0.01,6.59
240828,1,4.85,112.51,23.00,0.85,0.16,7.59
453292,1,8.60,170.00,21.07,1.21,0.06,11.15
143021,1,3.95,98.16,25.76,0.87,0.02,10.70
854346,1,6.05,86.31,14.25,1.16,0.02,6.35
776767,1,2.30,75.19,31.96,0.82,0.05,9.54
808349,1,8.50,186.78,23.36,0.36,0.12,6.20
198204,1,5.40,94.99,19.49,1.46,0.20,11.79
14572,1,3.20,101.15,30.62,1.36,0.44,11.44
910638,1,10.25,174.77,23.24,1.26,0.01,10.78
288908,1,6.30,127.92,22.04,1.37,0.12,9.94
656269,1,4.15,78.08,18.07,1.36,0.03,6.84
909436,1,6.35,103.89,17.21,1.03,0.34,10.69
36162,1,8.70,67.67,16.92,0.58,0.28,10.22
5473,1,8.75,167.49,20.54,1.03,0.01,11.69
5429,1,9.90,150.02,18.16,1.21,0.18,11.15
156325,1,6.15,121.77,19.59,0.85,0.56,11.82
51657,1,6.45,129.11,22.65,1.19,0.00,9.71
819980,1,6.15,151.16,24.86,1.11,0.00,8.04
605925,1,1.85,63.32,33.20,1.17,0.33,11.03
980046,1,2.05,55.14,26.37,1.22,0.02,7.16
801481,1,5.25,79.43,19.71,0.60,0.01,8.57
963187,1,5.20,118.98,25.58,0.95,0.03,8.03
238552,1,4.70,147.63,31.07,1.11,0.06,11.47
287799,1,3.40,67.62,20.17,1.26,0.10,10.71
849408,1,3.90,72.42,19.67,0.72,0.19,10.17
244882,1,5.30,130.98,24.38,0.85,0.09,5.23
57231,1,5.80,68.82,18.23,0.98,0.10,7.92
669130,1,4.65,102.99,21.78,1.04,0.04,9.21
800963,1,3.65,60.86,19.30,1.13,0.01,10.44
968196,1,6.10,62.84,12.30,0.85,0.16,11.12
927795,1,5.75,50.17,11.33,0.94,0.04,11.46
120230,1,9.20,168.87,22.94,0.84,0.43,5.57
772108,1,8.20,130.58,21.24,1.10,0.00,11.92
846127,1,3.35,62.05,17.95,1.04,0.30,11.13
698120,1,3.70,55.85,17.89,0.77,0.13,8.89
819799,1,5.30,79.05,14.74,0.54,0.14,6.61
837980,1,4.65,91.22,19.06,1.13,0.01,9.87
446550,1,5.50,155.91,27.98,0.91,0.63,8.37
40151,1,8.30,138.94,18.38,0.82,0.30,6.50
456194,1,4.55,72.29,16.34,0.99,1.09,5.95
201782,1,5.35,99.85,20.26,1.00,0.01,9.33
113729,1,5.55,108.99,19.83,1.29,0.74,8.38
124923,1,4.05,68.74,20.86,0.28,0.37,6.37
697373,1,5.90,73.20,13.22,1.35,0.79,6.69
504530,1,5.75,64.35,14.87,0.79,0.86,8.85
539838,1,6.80,132.89,21.62,1.27,0.33,11.52
745188,1,6.15,71.66,14.63,0.80,0.04,10.30
548267,1,3.55,85.89,29.42,1.37,0.17,11.16
630011,1,7.30,186.79,25.39,0.77,0.12,5.83
86024,1,8.40,154.74,20.63,0.83,0.24,7.43
851131,1,4.95,78.95,19.14,0.87,0.01,9.62
448780,1,2.45,61.79,24.12,1.00,0.03,7.74
155212,1,5.40,148.18,26.99,1.04,0.04,9.82
813328,1,4.95,80.55,15.87,1.01,0.30,10.89
734621,1,8.50,144.87,20.68,1.19,0.06,10.14
53025,1,4.75,114.31,23.77,0.74,0.00,7.79
193041,1,6.45,85.92,13.59,0.70,0.02,6.67
15749,1,3.35,80.37,24.17,1.26,0.60,5.32
270758,1,5.50,93.32,17.83,0.80,0.44,8.91
99980,1,2.45,89.96,35.56,1.16,0.33,8.19
709904,1,11.40,182.83,19.10,0.88,0.01,9.95
522553,1,5.05,133.75,26.89,1.05,0.79,9.72
980204,1,7.25,139.18,20.70,1.09,0.03,9.06
749424,1,4.40,124.02,27.69,1.10,0.03,5.92
611543,1,6.85,158.25,24.96,0.71,0.10,7.28
509313,1,5.85,127.26,24.19,0.65,0.10,10.02
54500,1,7.20,122.05,16.58,1.41,0.00,9.34
70201,1,4.55,142.66,31.16,1.38,0.00,5.41
616308,1,5.65,85.35,15.98,1.03,0.86,10.85
4379,1,6.85,119.93,21.06,1.18,0.08,5.08
42350,1,4.25,78.92,18.02,0.71,0.24,5.15
219135,1,5.15,143.39,27.37,0.62,0.16,10.83
884145,1,8.80,61.49,11.57,0.36,0.34,9.59
458930,1,8.45,107.81,13.27,0.33,0.41,8.93
709578,1,4.05,75.00,18.34,0.43,0.24,11.84
411562,1,5.25,118.00,22.15,0.90,0.04,11.60
173127,1,7.60,110.47,17.06,1.18,0.03,7.75
371156,1,8.90,106.73,20.19,1.30,0.22,7.91
91721,1,6.90,142.66,25.33,1.33,0.96,5.17
770253,1,5.60,68.87,17.15,1.15,0.20,7.71
183533,1,4.05,107.32,26.01,1.09,0.04,7.56
376376,1,6.75,190.79,27.98,0.58,0.10,11.40
980027,1,5.55,171.91,30.67,0.96,0.06,10.08
591963,1,1.80,63.82,34.26,0.22,0.00,9.96
458560,1,10.15,138.56,14.96,1.35,1.65,7.68
543012,1,6.65,111.94,17.44,1.15,0.72,5.91
784080,1,6.45,85.92,16.32,1.13,0.70,8.17
254481,1,4.60,130.76,27.73,1.19,0.03,11.21
636408,1,7.25,152.43,21.66,0.68,0.18,9.93
872691,1,6.55,170.86,26.32,0.92,0.02,8.79
572413,1,3.85,110.04,27.99,1.07,0.04,5.26
446540,1,2.65,74.76,27.09,0.45,0.15,11.70
145130,1,9.10,137.03,19.47,1.00,0.29,11.86
248289,1,9.55,106.41,15.10,1.03,0.38,5.44
946024,1,2.90,55.49,18.71,0.86,0.41,9.81
541259,1,5.60,98.48,20.22,0.94,0.73,10.82
301342,1,5.35,166.92,30.69,0.31,0.08,11.32
418368,1,11.10,178.97,17.35,1.48,0.04,10.01
578017,1,4.85,111.34,22.25,1.46,0.01,11.47
537547,1,7.55,127.60,18.93,0.49,0.42,9.27
699775,1,3.60,64.65,17.57,0.74,0.09,8.77
257492,1,7.30,128.17,18.88,1.25,0.10,8.65
649233,1,8.25,62.25,11.69,1.06,0.06,8.54
442677,1,5.45,57.77,10.91,1.42,0.79,11.55
940594,1,6.10,160.31,26.11,1.11,0.05,8.33
157922,1,3.15,90.01,27.58,0.90,0.25,11.98
148438,1,2.40,58.49,24.00,1.32,0.00,5.29
461658,1,4.95,93.43,18.74,1.34,0.01,10.36
508352,1,8.50,130.60,16.42,0.93,0.91,9.73
690875,1,3.70,72.76,21.24,1.21,0.44,6.32
404034,1,6.05,50.75,8.49,0.37,0.04,10.20
913715,1,5.30,96.01,19.70,1.27,0.01,7.59
474168,1,6.95,114.89,17.29,1.46,0.11,5.75
129336,1,3.10,54.60,20.09,1.21,0.01,5.63
119217,1,2.75,57.67,23.34,0.79,0.15,10.86
973405,1,4.25,122.40,28.51,1.15,0.04,6.86
134094,1,3.85,128.18,32.77,0.49,0.01,8.72
947851,1,2.45,76.25,30.14,0.65,0.27,9.30
278075,1,8.80,163.54,19.23,1.35,0.06,10.02
93409,1,11.15,170.62,16.55,1.10,0.11,11.55
304704,1,7.65,74.62,13.84,1.11,0.22,5.60
614698,1,5.40,127.45,24.62,0.74,0.01,8.91
427903,1,6.40,50.59,13.14,1.15,0.02,5.52
785580,1,3.95,52.35,12.84,0.40,0.01,5.12
610987,1,5.75,118.49,23.70,1.15,0.17,11.94
400783,1,5.40,125.63,26.47,1.43,0.00,9.44
634629,1,3.55,101.54,28.04,1.23,0.31,9.92
971462,1,3.50,60.39,18.69,1.35,0.01,7.83
411810,1,4.70,59.53,13.36,0.84,0.19,9.99
153443,1,8.50,147.87,20.37,1.29,0.85,11.29
408783,1,5.40,111.60,20.60,1.30,0.09,5.55
840114,1,8.85,105.66,15.01,1.48,0.03,7.43
217628,1,5.20,119.58,22.45,1.14,0.23,5.21
949142,1,2.65,73.95,27.62,1.48,0.31,5.16
588306,1,9.85,112.24,14.92,0.84,0.20,8.97
601573,1,7.25,108.20,14.64,0.54,0.01,5.70
317040,1,1.85,60.07,32.01,0.62,0.22,9.34
920457,1,4.65,138.22,29.50,0.59,0.32,8.67
36059,1,6.85,181.40,26.12,1.23,0.03,9.71
298671,1,9.30,150.54,15.79,1.24,0.04,8.86
418400,1,5.20,161.13,30.58,0.90,0.00,11.98
477275,1,6.25,131.11,24.16,1.36,0.20,7.50
474132,1,4.05,89.27,24.06,1.13,0.60,10.53
147924,1,3.20,85.67,26.28,0.83,0.11,10.19
225592,1,3.90,59.03,16.28,0.95,0.02,6.13
95242,1,7.50,83.76,13.94,0.33,0.55,8.61
572457,1,9.00,173.97,21.87,1.37,0.52,5.38
350868,1,5.00,95.58,18.53,1.00,0.14,7.07
565771,1,7.95,158.86,22.28,1.21,0.32,11.40
589714,1,7.85,63.50,14.27,1.33,0.14,6.80
702002,1,4.15,116.37,27.57,0.69,0.00,11.47
547035,1,3.75,51.42,13.03,0.76,0.08,8.81
647948,1,4.85,74.54,19.67,1.25,0.47,7.90
587150,1,2.65,50.48,18.44,1.16,0.07,5.12
652433,1,6.45,117.12,19.07,1.47,0.16,8.63
616643,1,6.00,125.50,20.83,0.56,0.15,10.08
316214,1,7.25,165.68,22.78,1.06,0.07,8.30
246284,1,7.25,169.66,26.55,0.83,0.14,9.41
787432,1,6.95,158.52,23.43,1.25,0.53,10.33
342701,1,4.95,88.43,20.96,0.99,0.22,9.67
549144,1,7.85,144.15,20.65,0.98,0.43,5.47
196973,1,6.30,108.07,17.63,1.38,1.11,9.62
431418,1,2.35,81.72,33.80,0.55,0.29,5.90
529663,1,10.50,111.66,10.81,0.91,0.03,9.85
626012,1,5.50,141.20,25.36,0.79,0.14,6.95
526376,1,5.15,72.41,17.81,0.92,0.96,8.80
360657,1,7.00,108.54,20.40,0.77,0.32,8.83
961771,1,2.25,81.56,35.40,0.54,0.29,10.90
512739,1,5.40,152.90,27.76,0.77,0.02,6.78
